{
	"info": {
		"_postman_id": "42a5052b-8c22-4a64-b5f0-0bf715347d0f",
		"name": "MovieShark",
		"schema": "https://schema.getpostman.com/json/collection/v2.1.0/collection.json",
		"_exporter_id": "23648831"
	},
	"item": [
		{
			"name": "addUser",
			"request": {
				"method": "POST",
				"header": [],
				"body": {
					"mode": "raw",
					"raw": "{\r\n    \"name\":\"john1\",\r\n    \"password\":\"movie\",\r\n    \"role\":\"ADMIN\",\r\n    \"mobile\":\"+91999243\"\r\n\r\n}",
					"options": {
						"raw": {
							"language": "json"
						}
					}
				},
				"url": {
					"raw": "localhost:8080/user/add",
					"host": [
						"localhost"
					],
					"port": "8080",
					"path": [
						"user",
						"add"
					]
				}
			},
			"response": []
		},
		{
			"name": "addTheater",
			"request": {
				"method": "POST",
				"header": [],
				"body": {
					"mode": "raw",
					"raw": "{\r\n    \"id\":\"1\",\r\n    \"name\":\"xyz inox\",\r\n    \"city\":\"pune\",\r\n    \"address\":\"xyz street\"\r\n}",
					"options": {
						"raw": {
							"language": "json"
						}
					}
				},
				"url": {
					"raw": "localhost:8080/theater/add",
					"host": [
						"localhost"
					],
					"port": "8080",
					"path": [
						"theater",
						"add"
					]
				}
			},
			"response": []
		},
		{
			"name": "addMovie",
			"request": {
				"method": "POST",
				"header": [],
				"body": {
					"mode": "raw",
					"raw": "{\r\n    \"id\":\"1\",\r\n    \"title\":\"MIB1\",\r\n    \"genre\":\"COMEDY\"\r\n}",
					"options": {
						"raw": {
							"language": "json"
						}
					}
				},
				"url": {
					"raw": "localhost:8080/movie/add",
					"host": [
						"localhost"
					],
					"port": "8080",
					"path": [
						"movie",
						"add"
					]
				}
			},
			"response": []
		},
		{
			"name": "addShow",
			"request": {
				"method": "POST",
				"header": [],
				"body": {
					"mode": "raw",
					"raw": "{\r\n    \"id\":\"1\",\r\n    \"showTime\":\"2020-12-31T14:53:16\",\r\n    \"theaterId\":1,\r\n    \"movieId\":1\r\n\r\n    \r\n}",
					"options": {
						"raw": {
							"language": "json"
						}
					}
				},
				"url": {
					"raw": "localhost:8080/show/add",
					"host": [
						"localhost"
					],
					"port": "8080",
					"path": [
						"show",
						"add"
					]
				}
			},
			"response": []
		},
		{
			"name": "addReview",
			"request": {
				"method": "POST",
				"header": [],
				"body": {
					"mode": "raw",
					"raw": "{\r\n    \"movieReview\":\"good\",\r\n    \"rating\":3,\r\n    \"movieId\":1\r\n}",
					"options": {
						"raw": {
							"language": "json"
						}
					}
				},
				"url": {
					"raw": "localhost:8080/review/add",
					"host": [
						"localhost"
					],
					"port": "8080",
					"path": [
						"review",
						"add"
					]
				}
			},
			"response": []
		},
		{
			"name": "bookTicket",
			"request": {
				"method": "POST",
				"header": [],
				"body": {
					"mode": "raw",
					"raw": "{\r\n    \"seatsNumbers\":[\"1A\",\"1B\"],\r\n    \"userId\":1,\r\n    \"showId\":1,\r\n    \"seatType\":\"CLASSIC\"\r\n\r\n}",
					"options": {
						"raw": {
							"language": "json"
						}
					}
				},
				"url": {
					"raw": "localhost:8080/ticket/book",
					"host": [
						"localhost"
					],
					"port": "8080",
					"path": [
						"ticket",
						"book"
					]
				}
			},
			"response": []
		},
		{
			"name": "getUser",
			"request": {
				"method": "GET",
				"header": [],
				"url": {
					"raw": "localhost:8080/user/1",
					"host": [
						"localhost"
					],
					"port": "8080",
					"path": [
						"user",
						"1"
					]
				}
			},
			"response": []
		},
		{
			"name": "getMovieById",
			"request": {
				"method": "GET",
				"header": [],
				"url": {
					"raw": "localhost:8080/movie/1",
					"host": [
						"localhost"
					],
					"port": "8080",
					"path": [
						"movie",
						"1"
					]
				}
			},
			"response": []
		},
		{
			"name": "getMovieByTitle",
			"request": {
				"method": "GET",
				"header": [],
				"url": {
					"raw": "localhost:8080/movie/title?title=MIB1",
					"host": [
						"localhost"
					],
					"port": "8080",
					"path": [
						"movie",
						"title"
					],
					"query": [
						{
							"key": "title",
							"value": "MIB1"
						}
					]
				}
			},
			"response": []
		}
	]
}